,Team,Name,Jersey,Position,Height (ft),Weight (lb),Salary,Age,Birth Date,Birth Location
0,SA,Blake Wesley,14,G,"6' 3""",185,"$2,504,640",21,2003-03-16,"South Bend, Indiana"
1,SA,Victor Wembanyama,1,C,"7' 4""",210,"$12,160,680",20,2004-01-04,"Le Chesnay, France"
2,SA,Devin Vassell,24,SG,"6' 5""",200,"$5,887,899",23,2000-08-23,"Lawrenceville, Georgia"
3,SA,Jeremy Sochan,10,F,"6' 8""",230,"$5,316,960",21,2003-05-20,"Guymon, Oklahoma"
4,SA,Juan Nunez,--,G,"6' 4""",190,--,20,2004-06-04,"Madrid, Spain"
6,SA,Tre Jones,33,PG,"6' 1""",185,"$9,895,833",24,2000-01-08,"Apple Valley, Minnesota"
7,SA,Keldon Johnson,3,SF,"6' 5""",220,"$20,000,000",24,1999-10-11,"Chesterfield, Virginia"
8,SA,Harrison Ingram,--,F,"6' 5""",234,--,21,2002-11-27,"Dallas, Texas"
9,SA,RaiQuan Gray,0,F,"6' 7""",269,--,24,1999-07-07,"Fort Lauderdale, Florida"
10,SA,Devonte' Graham,4,PG,"6' 1""",195,"$12,100,000",29,1995-02-22,"Raleigh, North Carolina"
11,SA,Zach Collins,23,PF,"6' 11""",250,"$7,700,000",26,1997-11-19,"Las Vegas, Nevada"
12,SA,Sidy Cissoko,25,G,"6' 6""",200,"$1,119,563",20,2004-04-02,"Saint-Maurice, France"
13,SA,Julian Champagnie,30,F,"6' 7""",217,"$3,000,000",23,2001-06-29,"Staten Island, New York"
14,SA,Stephon Castle,--,G,"6' 6""",215,--,19,2004-11-01,"Covington, Georgia"
15,SA,Malaki Branham,22,G,"6' 4""",180,"$3,071,880",21,2003-05-12,"Columbus, Ohio"
16,SA,Jamaree Bouyea,21,G,"6' 2""",180,--,25,1999-06-27,"Seaside, California"
17,SA,Charles Bassey,28,C,"6' 10""",230,"$2,600,000",23,2000-10-28,"Lagos, Nigeria"
20,NO,Zion Williamson,1,PF,"6' 6""",284,"$34,005,250",23,2000-07-06,"Salisbury, North Carolina"
23,NO,Matt Ryan,37,F,"6' 6""",215,--,27,1997-04-17,"White Plains, New York"
24,NO,Jeremiah Robinson-Earl,50,F,"6' 9""",240,"$2,196,970",23,2000-11-03,"Kansas City, Missouri"
25,NO,Antonio Reeves,--,G,"6' 5""",187,--,23,2000-11-20,"Chicago, Illinois"
26,NO,Dejounte Murray,--,SG,"6' 5""",180,"$18,214,000",27,1996-09-19,"Seattle, Washington"
27,NO,Trey Murphy III,25,SG,"6' 8""",206,"$3,359,280",24,2000-06-18,"Durham, North Carolina"
28,NO,Yves Missi,--,C,"6' 11""",235,--,20,2004-05-14,"Brussels, Belgium"
29,NO,CJ McCollum,3,SG,"6' 3""",190,"$35,802,469",32,1991-09-19,"Canton, Ohio"
31,NO,Herbert Jones,5,SF,"6' 7""",206,"$12,015,150",25,1998-10-06,"Tuscaloosa, Alabama"
32,NO,Brandon Ingram,14,SF,"6' 8""",190,"$33,833,400",26,1997-09-02,"Kinston, North Carolina"
33,NO,Malcolm Hill,33,G,"6' 6""",220,--,28,1995-10-26,"St. Louis, Missouri"
34,NO,Jordan Hawkins,24,G,"6' 5""",190,"$4,310,160",22,2002-04-29,"Gaithersburg, Maryland"
35,NO,Jalen Crutcher,10,G,"6' 2""",175,--,24,1999-07-18,"Memphis, Tennessee"
36,NO,Izaiah Brockington,21,G,"6' 4""",200,--,24,1999-07-12,"Towson, Maryland"
37,NO,Jose Alvarado,15,PG,"6' 0""",179,"$1,836,096",26,1998-04-12,"Brooklyn, New York"
38,MEM,Vince Williams Jr.,5,G,"6' 4""",205,"$2,232,308",23,2000-08-30,"Toledo, Ohio"
39,MEM,Ziaire Williams,8,F,"6' 9""",185,"$4,810,200",22,2001-09-12,"Lancaster, California"
40,MEM,Jaylen Wells,--,F,"6' 7""",205,--,20,2003-08-26,"Sacramento, California"
43,MEM,Cam Spencer,--,G,"6' 3""",202,--,24,2000-04-06,"Davidsonville, Maryland"
44,MEM,Marcus Smart,36,PG,"6' 3""",220,"$18,833,712",30,1994-03-06,"Flower Mound, Texas"
45,MEM,Derrick Rose,23,PG,"6' 3""",200,"$3,196,448",35,1988-10-04,"Chicago, Illinois"
46,MEM,Scotty Pippen Jr.,--,G,"6' 1""",170,--,23,2000-11-10,"Portland, Oregon"
47,MEM,Ja Morant,12,PG,"6' 2""",174,"$34,005,250",24,1999-08-10,"Dalzell, South Carolina"
48,MEM,Jake LaRavia,3,F,"6' 7""",235,"$3,199,920",22,2001-11-03,"Pasadena, California"
49,MEM,John Konchar,46,SG,"6' 5""",210,"$2,400,000",28,1996-03-22,"Chicago, Illinois"
51,MEM,Trey Jemison,55,C,"6' 11""",260,--,24,1999-11-28,"Birmingham, Alabama"
52,MEM,Jaren Jackson Jr.,13,PF,"6' 10""",242,"$27,102,202",56,1967-10-27,"New Orleans, Louisiana"
53,MEM,GG Jackson,45,F,"6' 9""",210,"$1,991,428",19,2004-12-17,"Columbia, South Carolina"
55,MEM,Zach Edey,--,C,"7' 4""",300,--,22,2002-05-14,"Toronto, Canada"
56,MEM,Brandon Clarke,15,PF,"6' 8""",215,"$12,500,000",27,1996-09-19,"Vancouver, British Columbia"
57,MEM,Desmond Bane,22,SG,"6' 5""",215,"$3,845,083",26,1998-06-25,"Richmond, Indiana"
58,MEM,Santi Aldama,7,PF,"7' 0""",215,"$2,194,200",23,2001-01-10,"Las Palmas, Spain"
59,HOU,Nate Williams,19,G,"6' 5""",205,--,74,1950-05-02,"Columbia, Louisiana"
60,HOU,Cam Whitmore,7,F,"6' 7""",230,"$3,218,160",19,2004-07-08,"Odenton, Maryland"
61,HOU,Fred VanVleet,5,PG,"6' 0""",197,"$40,806,300",30,1994-02-25,"Rockford, Illinois"
62,HOU,Amen Thompson,1,F,"6' 7""",200,"$8,809,320",21,2003-01-30,"San Leandro, California"
63,HOU,Jae'Sean Tate,8,SF,"6' 4""",230,"$6,500,000",28,1995-10-28,"Toledo, Ohio"
64,HOU,Jabari Smith Jr.,10,PF,"6' 11""",220,"$9,326,520",47,1977-02-12,"Atlanta, Georgia"
65,HOU,Reed Sheppard,--,G,"6' 2""",187,--,20,2004-06-24,"London, Kentucky"
66,HOU,Alperen Sengun,28,C,"6' 11""",243,"$3,536,280",21,2002-07-25,"Giresun, Turkey"
67,HOU,Jermaine Samuels Jr.,00,F,"6' 6""",230,--,25,1998-11-13,"Franklin, Massachusetts"
69,HOU,Jock Landale,2,C,"6' 11""",255,"$8,000,000",28,1995-10-25,"E Malvern, Australia"
72,HOU,AJ Griffin,14,F,"6' 6""",220,"$3,712,920",20,2003-08-25,"Dallas, Texas"
73,HOU,Jeff Green,32,PF,"6' 8""",235,"$9,600,000",37,1986-08-28,"Cheverly, Maryland"
74,HOU,Jalen Green,4,SG,"6' 4""",186,"$9,891,480",22,2002-02-09,"Merced, California"
75,HOU,Tari Eason,17,F,"6' 8""",215,"$3,527,160",23,2001-05-10,"Portsmouth, Virginia"
76,HOU,Reggie Bullock Jr.,25,SF,"6' 6""",205,"$2,019,706",33,1991-03-16,"Baltimore, Maryland"
77,HOU,Dillon Brooks,9,SF,"6' 6""",225,"$22,627,671",28,1996-01-22,"Mississauga, Ontario"
78,HOU,Steven Adams,12,C,"6' 11""",265,"$12,600,000",30,1993-07-20,"Rotorua, New Zealand"
80,DAL,P.J. Washington,25,PF,"6' 7""",230,"$16,847,826",25,1998-08-23,"Louisville, Kentucky"
81,DAL,Olivier-Maxence Prosper,18,F,"6' 7""",230,"$2,733,360",21,2002-07-03,"Montreal, Canada"
82,DAL,Dwight Powell,7,C,"6' 10""",240,"$4,000,000",32,1991-07-20,"Toronto, Ontario"
84,DAL,Dereck Lively II,2,C,"7' 1""",230,"$4,775,640",20,2004-02-12,"Philadelphia, Pennsylvania"
85,DAL,A.J. Lawson,9,G,"6' 6""",179,"$1,000,000",23,2000-07-15,"Toronto, Ontario"
87,DAL,Kyrie Irving,11,PG,"6' 2""",195,"$37,037,037",32,1992-03-23,"Melbourne, Australia"
88,DAL,Jaden Hardy,1,G,"6' 3""",198,"$1,719,864",21,2002-07-05,"Detroit, Michigan"
89,DAL,Quentin Grimes,--,SG,"6' 5""",210,"$2,385,720",24,2000-05-08,"Houston, Texas"
90,DAL,Josh Green,8,SG,"6' 5""",200,"$4,765,339",23,2000-11-16,"Sydney, Australia"
91,DAL,Daniel Gafford,21,C,"6' 10""",234,"$12,402,000",25,1998-10-01,"El Dorado, Arkansas"
92,DAL,Alex Fudge,3,F,"6' 8""",200,--,21,2003-05-06,"Jacksonville, Florida"
93,DAL,Dante Exum,0,G,"6' 5""",214,"$3,000,000",28,1995-07-13,"Melbourne, Australia"
94,DAL,Luka Doncic,77,PG,"6' 7""",230,"$40,064,220",25,1999-02-28,"Ljubljana, Slovenia"
96,DAL,Melvin Ajinca,--,G,"6' 8""",218,--,20,2004-06-26,"Villeneuve-Saint-Georges, France"
98,WSH,Landry Shamet,20,SG,"6' 4""",190,"$10,250,000",27,1997-03-13,"Kansas City, Missouri"
99,WSH,Alex Sarr,--,PF,"7' 0""",216,--,19,2005-04-26,"Bordeaux, France"
100,WSH,Jordan Poole,13,SG,"6' 4""",194,"$27,955,357",25,1999-06-19,"Milwaukee, Wisconsin"
101,WSH,Eugene Omoruyi,97,F,"6' 6""",235,"$900,000",27,1997-02-14,Ben
102,WSH,Kyle Kuzma,33,SF,"6' 9""",221,"$25,568,182",28,1995-07-24,"Flint, Michigan"
103,WSH,Corey Kispert,24,SF,"6' 6""",224,"$3,722,040",25,1999-03-03,"Edmonds, Washington"
107,WSH,Kyshawn George,--,F,"6' 7""",205,--,20,2003-12-12,"Aigle, Switzerland"
108,WSH,Johnny Davis,1,G,"6' 4""",195,"$5,050,800",68,1955-10-21,"Detroit, Michigan"
109,WSH,Bilal Coulibaly,0,SG,"6' 8""",195,"$6,614,280",19,2004-07-26,"Saint-Cloud, France"
110,WSH,Justin Champagnie,99,SF,"6' 6""",206,--,23,2001-06-29,"Brooklyn, New York"
111,WSH,Jared Butler,4,SG,"6' 3""",193,--,23,2000-08-25,"Reserve, Louisiana"
112,WSH,Malcolm Brogdon,--,PG,"6' 4""",229,"$22,500,000",31,1992-12-11,"Atlanta, Georgia"
114,WSH,Patrick Baldwin Jr.,7,F,"6' 9""",220,"$2,337,720",21,2002-11-18,"Green Bay, Wisconsin"
115,WSH,Marvin Bagley III,35,PF,"6' 10""",235,"$12,500,000",25,1999-03-14,"Tempe, Arizona"
117,ORL,Franz Wagner,22,SF,"6' 10""",220,"$5,508,720",22,2001-08-27,"Berlin, Germany"
118,ORL,Jalen Suggs,4,SG,"6' 5""",205,"$7,252,080",23,2001-06-03,"St. Paul, Minnesota"
122,ORL,Jonathan Isaac,1,PF,"6' 10""",230,"$17,400,000",26,1997-10-03,"The Bronx, New York"
124,ORL,Jett Howard,13,G,"6' 6""",215,"$5,026,800",20,2003-09-14,"Chicago, Illinois"
125,ORL,Caleb Houstan,2,G,"6' 8""",205,"$2,000,000",21,2003-01-09,"Mississauga, Ontario"
129,ORL,Tristan da Silva,--,F,"6' 8""",220,--,23,2001-05-15,"Munich, Germany"
130,ORL,Wendell Carter Jr.,34,C,"6' 10""",270,"$13,050,000",25,1999-04-16,"Atlanta, Georgia"
131,ORL,Anthony Black,0,G,"6' 7""",200,"$7,245,480",20,2004-01-20,"Duncanville, Texas"
133,ORL,Paolo Banchero,5,PF,"6' 10""",250,"$11,608,080",21,2002-11-12,"Seattle, Washington"
134,ORL,Cole Anthony,50,PG,"6' 2""",185,"$5,539,771",24,2000-05-15,"Portland, Oregon"
137,MIA,Kel'el Ware,--,C,"7' 0""",242,--,20,2004-04-20,"North Little Rock, Arkansas"
139,MIA,Terry Rozier,2,SG,"6' 1""",190,"$22,205,221",30,1994-03-17,"Youngstown, Ohio"
140,MIA,Orlando Robinson,25,C,"6' 10""",235,"$1,801,769",23,2000-07-10,"Las Vegas, Nevada"
141,MIA,Duncan Robinson,55,F,"6' 7""",215,"$18,154,000",30,1994-04-22,"York, Maine"
142,MIA,Josh Richardson,0,SG,"6' 5""",200,"$2,891,467",30,1993-09-15,"Edmond, Oklahoma"
146,MIA,Pelle Larsson,--,G,"6' 5""",212,--,23,2001-02-23,"Stockholm, Sweden"
147,MIA,Nikola Jovic,5,F,"6' 10""",205,"$2,352,000",21,2003-06-09,"Leicester, United Kingdom"
148,MIA,Jaime Jaquez Jr.,11,G,"6' 6""",225,"$3,510,600",23,2001-02-18,"Irvine, California"
150,MIA,Tyler Herro,14,PG,"6' 5""",195,"$27,000,000",24,2000-01-20,"Milwaukee, Wisconsin"
152,MIA,Jimmy Butler,22,SF,"6' 7""",230,"$45,183,960",34,1989-09-14,"Houston, Texas"
154,MIA,Bam Adebayo,13,C,"6' 9""",255,"$32,600,060",26,1997-07-18,"Newark, New Jersey"
155,CHA,Mark Williams,5,C,"7' 0""",240,"$3,908,160",22,2001-12-16,"Norfolk, Virginia"
156,CHA,Grant Williams,2,PF,"6' 6""",236,"$12,325,581",25,1998-11-30,"Houston, Texas"
158,CHA,Nick Smith Jr.,8,G,"6' 2""",185,"$2,463,960",20,2004-04-18,"Jacksonville, Arkansas"
159,CHA,KJ Simpson,--,G,"6' 0""",187,--,21,2002-08-08,"Panorama City, California"
160,CHA,Tidjane Salaun,--,F,"6' 9""",212,--,18,2005-08-10,"Paris, France"
161,CHA,Nick Richards,4,C,"7' 0""",245,"$5,000,000",26,1997-11-29,"Kingston, Jamaica"
162,CHA,Aleksej Pokusevski,17,F,"7' 0""",210,"$565,176",22,2001-12-26,"Belgrade, Serbia"
163,CHA,Brandon Miller,24,F,"6' 7""",200,"$10,880,400",21,2002-11-22,"Antioch, Tennessee"
164,CHA,Vasilije Micic,22,G,"6' 3""",188,"$7,723,000",30,1994-01-13,"Kraljevo, Serbia"
165,CHA,Bryce McGowens,7,G,"6' 6""",175,"$1,719,865",21,2002-11-08,"Pendleton, South Carolina"
166,CHA,Cody Martin,11,SF,"6' 6""",205,"$7,560,000",28,1995-09-28,"Winston-Salem, North Carolina"
167,CHA,Tre Mann,23,PG,"6' 3""",178,"$3,191,280",23,2001-02-03,"Gainesville, Florida"
168,CHA,Reggie Jackson,--,PG,"6' 2""",208,"$5,000,000",34,1990-04-16,"Pordenone, Italy"
170,CHA,Marques Bolden,12,C,"6' 10""",249,--,26,1998-04-17,"Dallas, Texas"
171,CHA,Leaky Black,12,F,"6' 6""",209,--,25,1999-06-14,"Concord, North Carolina"
172,CHA,Davis Bertans,9,SF,"6' 10""",225,"$17,000,000",31,1992-11-12,"Valmiera, Latvia"
173,CHA,LaMelo Ball,1,PG,"6' 7""",180,"$10,900,635",22,2001-08-22,"Anaheim, California"
175,ATL,Trae Young,11,PG,"6' 1""",164,"$40,064,220",25,1998-09-19,"Lubbock, Texas"
177,ATL,Zaccharie Risacher,--,PF,"6' 9""",210,--,19,2005-04-08,"Malaga, Spain"
178,ATL,Onyeka Okongwu,17,PF,"6' 10""",240,"$8,109,063",23,2000-12-11,"Los Angeles, California"
179,ATL,Larry Nance Jr.,--,PF,"6' 8""",245,"$10,375,000",65,1959-02-12,"Anderson, South Carolina"
181,ATL,Garrison Mathews,25,SG,"6' 6""",215,"$2,000,000",27,1996-10-24,"Franklin, Tennessee"
183,ATL,E.J. Liddell,--,F,"6' 6""",240,"$1,801,769",23,2000-12-18,"Belleville, Illinois"
185,ATL,Jalen Johnson,1,SF,"6' 8""",219,"$2,925,360",22,2001-12-18,"Wausau, Wisconsin"
186,ATL,De'Andre Hunter,12,SF,"6' 8""",221,"$20,089,286",26,1997-12-02,"Philadelphia, Pennsylvania"
187,ATL,Mouhamed Gueye,18,F,"6' 10""",210,"$1,119,563",21,2002-11-09,"Dakar, Senegal"
189,ATL,Bruno Fernando,24,PF,"6' 9""",240,"$2,581,522",25,1998-08-15,"Luanda, Angola"
190,ATL,Nikola Djurisic,--,F,"6' 7""",209,--,20,2004-02-23,"Gent, Belgium"
191,ATL,Dyson Daniels,--,G,"6' 7""",199,"$5,784,120",21,2003-03-17,"Bendigo, Australia"
192,ATL,Kobe Bufkin,4,G,"6' 5""",195,"$4,094,280",20,2003-09-21,"Grand Rapids, Michigan"
193,ATL,Bogdan Bogdanovic,13,SG,"6' 5""",225,"$18,700,000",31,1992-08-18,"Belgrade, Serbia"
196,SAC,Domantas Sabonis,11,PF,"6' 10""",240,"$30,600,000",28,1996-05-03,"Portland, Oregon"
197,SAC,Keegan Murray,13,SF,"6' 8""",225,"$8,409,000",23,2000-08-19,"Cedar Rapids, Iowa"
198,SAC,Malik Monk,0,SG,"6' 3""",200,"$9,945,830",26,1998-02-04,"Jonesboro, Arkansas"
200,SAC,Jalen McDaniels,--,PF,"6' 9""",190,"$4,516,000",26,1998-01-31,"Federal Way, Washington"
201,SAC,Trey Lyles,41,PF,"6' 9""",234,"$8,000,000",28,1995-11-05,"Saskatoon, Saskatchewan"
203,SAC,Mason Jones,22,G,"6' 4""",200,--,25,1998-07-21,"Dallas, Texas"
204,SAC,Colby Jones,20,G,"6' 6""",207,"$2,019,706",22,2002-05-28,"Birmingham, Alabama"
205,SAC,Kevin Huerter,9,SG,"6' 7""",198,"$15,669,643",25,1998-08-27,"Albany, New York"
206,SAC,De'Aaron Fox,5,PG,"6' 3""",185,"$32,600,060",26,1997-12-20,"New Orleans, Louisiana"
208,SAC,Keon Ellis,23,G,"6' 3""",175,"$683,430",24,2000-01-08,"Eustis, Florida"
210,SAC,Chris Duarte,3,SG,"6' 5""",190,"$4,124,400",27,1997-06-13,"Puerto Plata, Dominican Republic"
211,SAC,Harrison Barnes,40,SF,"6' 8""",225,"$17,000,000",32,1992-05-30,"Ames, Iowa"
215,PHX,David Roddy,21,F,"6' 4""",255,"$2,718,240",23,2001-03-27,"Minneapolis, Minnesota"
217,PHX,Royce O'Neale,00,PF,"6' 6""",226,"$9,500,000",31,1993-06-05,"Killeen, Texas"
218,PHX,Jusuf Nurkic,20,C,"7' 0""",290,"$16,875,000",29,1994-08-23,"Tuzla, Bosnia and Herzegovina"
219,PHX,Nassir Little,25,SF,"6' 6""",220,"$6,250,000",24,2000-02-11,"Pensacola, Florida"
222,PHX,Osasere Ighodaro,--,C,"6' 10""",222,--,21,2002-07-02,"Mesa, Arizona"
225,PHX,Kevin Durant,35,PF,"6' 11""",240,"$47,649,433",35,1988-09-29,"Washington, District of Columbia"
226,PHX,Ryan Dunn,--,F,"6' 6""",216,--,21,2003-01-07,"New Hyde Park, New York"
227,PHX,Devin Booker,1,SG,"6' 6""",206,"$36,016,200",27,1996-10-30,"Grand Rapids, Michigan"
228,PHX,Bol Bol,11,C,"7' 3""",220,"$2,019,706",24,1999-11-16,"Khartoum, Sudan"
229,PHX,Bradley Beal,3,SG,"6' 4""",207,"$46,741,590",31,1993-06-28,"St. Louis, Missouri"
231,PHX,Grayson Allen,8,SG,"6' 4""",198,"$8,925,000",28,1995-10-08,"Jacksonville, Florida"
232,LAL,Christian Wood,35,F,"6' 8""",214,"$2,709,849",28,1995-09-27,"Long Beach, California"
233,LAL,Gabe Vincent,7,PG,"6' 2""",200,"$10,500,000",28,1996-06-14,"Modesto, California"
234,LAL,Jarred Vanderbilt,2,PF,"6' 8""",214,"$4,698,000",25,1999-04-03,"Houston, Texas"
235,LAL,D'Angelo Russell,1,PG,"6' 3""",193,"$17,307,693",28,1996-02-23,"Louisville, Kentucky"
236,LAL,Cam Reddish,5,SF,"6' 7""",217,"$2,165,000",24,1999-09-01,"Norristown, Pennsylvania"
237,LAL,Austin Reaves,15,SG,"6' 5""",197,"$12,015,150",26,1998-05-29,"Newark, Arkansas"
240,LAL,Maxwell Lewis,21,F,"6' 7""",195,"$1,119,563",21,2002-07-27,"Las Vegas, Nevada"
241,LAL,Dalton Knecht,4,G,"6' 5""",204,--,23,2001-04-19,"Fargo, North Dakota"
243,LAL,D'Moi Hodge,55,G,"6' 3""",188,--,25,1998-12-20,"Tortola, British Virg"
244,LAL,Jaxson Hayes,11,C,"7' 0""",220,"$2,165,000",24,2000-05-23,"Norman, Oklahoma"
245,LAL,Rui Hachimura,28,PF,"6' 8""",230,"$15,740,741",26,1998-02-08,"Toyama, Japan"
246,LAL,Harry Giles III,20,F,"6' 10""",240,--,26,1998-04-22,"Winston-Salem, North Carolina"
248,LAL,Anthony Davis,3,PF,"6' 10""",253,"$40,600,080",31,1993-03-11,"Chicago, Illinois"
251,LAC,Ivica Zubac,40,C,"7' 0""",240,"$10,933,333",27,1997-03-18,"Mostar, Bosnia and Herzegovina"
252,LAC,Russell Westbrook,0,PG,"6' 4""",200,"$3,835,738",35,1988-11-12,"Long Beach, California"
253,LAC,P.J. Tucker,17,PF,"6' 5""",245,"$11,014,500",39,1985-05-05,"Raleigh, North Carolina"
255,LAC,Norman Powell,24,G,"6' 4""",215,"$18,000,000",31,1993-05-25,"San Diego, California"
258,LAC,Jordan Miller,11,G,"6' 5""",194,--,24,2000-01-23,"Anaheim, California"
259,LAC,Terance Mann,14,SG,"6' 5""",215,"$10,576,923",27,1996-10-18,"Brooklyn, New York"
260,LAC,Kawhi Leonard,2,SF,"6' 7""",225,"$45,640,084",33,1991-06-29,"Los Angeles, California"
262,LAC,Bones Hyland,5,PG,"6' 2""",169,"$2,306,400",23,2000-09-14,"Wilmington, Delaware"
266,LAC,Amir Coffey,7,SG,"6' 7""",210,"$3,666,667",27,1997-06-17,"Hopkins, Minnesota"
267,LAC,Cameron Christie,--,G,"6' 5""",190,--,18,2005-07-24,"Arlington Heights, Illinois"
268,LAC,Kobe Brown,21,G,"6' 7""",250,"$2,413,320",24,2000-01-01,"Huntsville, Alabama"
269,LAC,Brandon Boston Jr.,4,SG,"6' 6""",188,"$1,836,096",22,2001-11-28,"Norcross, Georgia"
270,GS,Andrew Wiggins,22,SF,"6' 7""",197,"$24,330,357",29,1995-02-23,"Toronto, Ontario"
272,GS,Pat Spencer,61,G,"6' 3""",205,--,27,1996-07-04,"Davidsonville, Maryland"
274,GS,Gui Santos,15,F,"6' 6""",185,"$1,029,483",22,2002-06-22,"Brasilia, Brazil"
277,GS,Brandin Podziemski,2,G,"6' 4""",205,"$3,352,440",21,2003-02-25,"Greenfield, Wisconsin"
278,GS,Gary Payton II,0,SG,"6' 2""",195,"$8,715,000",55,1968-07-23,"Oakland, California"
279,GS,Chris Paul,3,PG,"6' 0""",175,"$30,800,000",39,1985-05-06,"Winston-Salem, North Carolina"
280,GS,Moses Moody,4,SG,"6' 5""",211,"$3,918,480",22,2002-05-31,"Little Rock, Arkansas"
281,GS,Kevon Looney,5,F,"6' 9""",222,"$7,500,000",28,1996-02-06,"Milwaukee, Wisconsin"
282,GS,Jonathan Kuminga,00,PF,"6' 7""",225,"$6,012,840",21,2002-10-06,"Goma, Democratic Republic of the Congo"
283,GS,Trayce Jackson-Davis,32,F,"6' 9""",245,"$1,119,563",24,2000-02-22,"Greenwood, Indiana"
284,GS,Draymond Green,23,PF,"6' 6""",230,"$22,321,429",34,1990-03-04,"Saginaw, Michigan"
286,GS,Stephen Curry,30,PG,"6' 2""",185,"$51,915,615",36,1988-03-14,"Akron, Ohio"
287,UTAH,Omer Yurtseven,77,C,"6' 11""",275,"$2,800,000",26,1998-06-19,"Istanbul, Turkey"
288,UTAH,Cody Williams,--,F,"6' 7""",190,--,19,2004-11-20,"San Luis Obispo, California"
289,UTAH,Collin Sexton,2,PG,"6' 3""",190,"$17,325,000",25,1999-01-04,"Marietta, Georgia"
290,UTAH,Brice Sensabaugh,8,F,"6' 5""",235,"$2,448,600",20,2003-10-30,"Orlando, Florida"
292,UTAH,Jason Preston,10,G,"6' 3""",181,--,24,1999-08-10,"Orlando, Florida"
294,UTAH,Lauri Markkanen,23,PF,"7' 0""",240,"$17,259,999",27,1997-05-22,"Vantaa, Finland"
295,UTAH,Kenneth Lofton Jr.,35,F,"6' 6""",275,"$500,000",21,2002-08-14,"Port Arthur, Texas"
297,UTAH,Walker Kessler,24,C,"7' 0""",245,"$2,831,160",22,2001-07-26,"Atlanta, Georgia"
300,UTAH,Keyonte George,3,G,"6' 4""",185,"$3,889,800",20,2003-11-08,"Lewisville, Texas"
301,UTAH,Kyle Filipowski,--,F,"6' 11""",248,--,20,2003-11-07,"Middletown, New York"
303,UTAH,John Collins,20,PF,"6' 9""",226,"$25,340,000",26,1997-09-23,"Layton, Utah"
304,UTAH,Isaiah Collier,--,G,"6' 3""",210,--,19,2004-10-08,"Atlanta, Georgia"
305,UTAH,Jordan Clarkson,00,PG,"6' 3""",194,"$23,487,629",32,1992-06-07,"Tampa, Florida"
306,UTAH,Darius Bazley,26,F,"6' 9""",216,"$500,000",24,2000-06-12,"Boston, Massachusetts"
307,POR,Robert Williams III,35,C,"6' 9""",249,"$11,571,429",26,1997-10-17,"Shreveport, Louisiana"
308,POR,Jabari Walker,34,F,"6' 7""",227,"$1,719,864",21,2002-07-30,"Wichita, Kansas"
309,POR,Matisse Thybulle,4,SG,"6' 5""",201,"$10,500,000",27,1997-03-04,"Scottsdale, Arizona"
310,POR,Anfernee Simons,1,SG,"6' 3""",193,"$24,107,143",25,1999-06-08,"Longwood, Florida"
311,POR,Shaedon Sharpe,17,SG,"6' 5""",205,"$6,313,800",21,2003-05-30,"London, Ontario"
312,POR,Rayan Rupert,72,G,"6' 6""",185,"$1,119,563",20,2004-05-31,"Strasbourg, France"
313,POR,Duop Reath,26,C,"6' 9""",245,"$1,951,220",28,1996-06-26,"Waat, South Sudan"
314,POR,Kris Murray,8,F,"6' 8""",210,"$2,847,480",23,2000-08-19,"Cedar Rapids, Iowa"
316,POR,Scoot Henderson,00,G,"6' 3""",202,"$9,770,880",20,2004-02-03,"Marietta, Georgia"
318,POR,Jerami Grant,9,SF,"6' 7""",210,"$27,586,207",30,1994-03-12,"Portland, Oregon"
319,POR,Donovan Clingan,--,C,"7' 2""",280,--,20,2004-02-23,"Bristol, Connecticut"
320,POR,Toumani Camara,33,F,"6' 7""",226,"$1,119,563",24,2000-05-08,"Brussels, Belgium"
322,POR,Dalano Banton,5,G,"6' 8""",204,"$2,019,706",24,1999-11-07,"Toronto, Ontario"
324,POR,Deandre Ayton,2,C,"7' 0""",247,"$32,459,438",25,1998-07-23,"Nassau, Bahamas"
325,POR,Deni Avdija,--,SF,"6' 9""",210,"$6,263,188",23,2001-01-03,"Beit Zera, Israel"
326,OKC,Kenrich Williams,34,SF,"6' 6""",210,"$6,175,000",29,1994-12-02,"Waco, Texas"
327,OKC,Jaylin Williams,6,F,"6' 9""",240,"$2,000,000",22,2002-06-29,"Fort Smith, Arkansas"
328,OKC,Jalen Williams,8,F,"6' 5""",211,"$4,558,680",23,2001-04-14,"Denver, Colorado"
330,OKC,Lindy Waters III,12,F,"6' 6""",210,"$766,095",26,1997-07-28,"Norman, Oklahoma"
331,OKC,Cason Wallace,22,G,"6' 3""",195,"$5,291,000",20,2003-11-07,"Dallas, Texas"
332,OKC,Nikola Topic,--,G,"6' 6""",190,--,18,2005-08-10,"Novi Sad, Serbia"
334,OKC,Quinten Post,--,C,"7' 0""",244,--,24,2000-03-21,"Amsterdam, Netherlands"
336,OKC,Ajay Mitchell,--,G,"6' 3""",190,--,22,2002-06-25,"Namur, Belgium"
337,OKC,Dillon Jones,--,F,"6' 5""",235,--,22,2001-10-29,"Columbia, South Carolina"
340,OKC,Chet Holmgren,7,PF,"7' 1""",208,"$10,386,000",22,2002-05-01,"Minneapolis, Minnesota"
342,OKC,Shai Gilgeous-Alexander,2,PG,"6' 6""",195,"$33,386,850",25,1998-07-12,"Toronto, Ontario"
343,OKC,Adam Flagler,14,F,"6' 3""",185,--,24,1999-12-01,"Duluth, Georgia"
344,OKC,Luguentz Dort,5,G,"6' 4""",220,"$15,277,778",25,1999-04-19,"Montreal, Quebec"
345,OKC,Ousmane Dieng,13,F,"6' 9""",185,"$4,798,440",21,2003-05-21,"Villeneuve-sur-Lot, France"
346,OKC,Alex Caruso,--,SG,"6' 5""",186,"$9,460,000",30,1994-02-28,"College Station, Texas"
349,MIN,Karl-Anthony Towns,32,C,"7' 0""",248,"$36,016,200",28,1995-11-15,"Edison, New Jersey"
350,MIN,Terrence Shannon Jr.,--,G,"6' 6""",225,--,23,2000-07-30,"Chicago , Illinois"
351,MIN,Naz Reid,11,C,"6' 9""",264,"$12,950,400",24,1999-08-26,"Asbury Park, New Jersey"
354,MIN,Wendell Moore Jr.,7,G,"6' 5""",215,"$2,421,720",22,2001-09-18,"Richmond, Virginia"
355,MIN,Josh Minott,8,F,"6' 8""",205,"$1,719,864",21,2002-11-25,"Boca Raton, Florida"
356,MIN,Leonard Miller,33,F,"6' 10""",210,"$1,800,000",20,2003-11-26,"Scarborough, Canada"
358,MIN,Jaden McDaniels,3,PF,"6' 9""",185,"$3,901,399",23,2000-09-29,"Federal Way, Washington"
359,MIN,Justin Jackson,44,F,"6' 8""",220,--,29,1995-03-28,"Houston, Texas"
360,MIN,Rudy Gobert,27,C,"7' 1""",258,"$41,000,000",32,1992-06-26,"Saint-Quentin, France"
362,MIN,Anthony Edwards,5,SG,"6' 4""",225,"$9,219,512",22,2001-08-05,"Atlanta, Georgia"
363,MIN,Rob Dillingham,--,G,"6' 1""",176,--,19,2005-01-04,"Hickory, North Carolina"
364,MIN,Mike Conley,10,PG,"6' 0""",175,"$24,360,000",36,1987-10-11,"Fayetteville, Arkansas"
365,MIN,Jaylen Clark,0,G,"6' 4""",205,--,22,2001-10-13,"Riverside, California"
367,MIN,Nickeil Alexander-Walker,9,SG,"6' 5""",205,"$4,687,500",25,1998-09-02,"Toronto, Ontario"
368,DEN,Peyton Watson,8,F,"6' 7""",200,"$2,303,520",21,2002-09-11,"Beverly Hills, California"
369,DEN,Hunter Tyson,4,F,"6' 8""",215,"$1,119,563",24,2000-06-13,"Monroe, North Carolina"
370,DEN,Julian Strawther,3,G,"6' 6""",205,"$2,431,080",22,2002-04-18,"Las Vegas, Nevada"
371,DEN,Michael Porter Jr.,1,SF,"6' 10""",218,"$33,386,850",26,1998-06-29,"Indianapolis, Indiana"
372,DEN,Jalen Pickett,24,G,"6' 2""",202,"$2,019,706",24,1999-10-22,"Rochester, New York"
373,DEN,Zeke Nnaji,22,PF,"6' 9""",240,"$4,306,281",23,2001-01-09,"Hopkins, Minnesota"
374,DEN,Jamal Murray,27,PG,"6' 4""",215,"$33,833,400",27,1997-02-23,"Kitchener, Ontario"
376,DEN,DeAndre Jordan,6,C,"6' 11""",265,"$2,019,706",35,1988-07-21,"Houston, Texas"
377,DEN,Nikola Jokic,15,C,"6' 11""",284,"$47,607,350",29,1995-02-19,"Sombor, Serbia"
379,DEN,DaRon Holmes II,--,C,"6' 9""",235,--,21,2002-08-15,"Overland Park, Kansas"
381,DEN,Aaron Gordon,50,PF,"6' 8""",235,"$22,266,182",28,1995-09-16,"San Jose, California"
382,DEN,Collin Gillespie,21,G,"6' 1""",195,--,25,1999-06-25,"Huntingdon Valley, Pennsylvania"
385,DEN,Christian Braun,0,G,"6' 6""",220,"$2,949,120",23,2001-04-17,"Burlington, Kansas"
387,MIL,Ryan Rollins,55,G,"6' 3""",180,--,21,2002-07-03,"Detroit, Michigan"
388,MIL,Bobby Portis,9,F,"6' 10""",250,"$11,710,818",29,1995-02-10,"Little Rock, Arkansas"
389,MIL,Khris Middleton,22,SF,"6' 7""",222,"$29,320,988",32,1991-08-12,"Charleston, South Carolina"
390,MIL,Brook Lopez,11,C,"7' 1""",282,"$25,000,000",36,1988-04-01,"North Hollywood, California"
391,MIL,Chris Livingston,7,F,"6' 6""",220,"$1,119,563",20,2003-10-15,"Akron, Ohio"
392,MIL,Damian Lillard,0,PG,"6' 2""",195,"$45,640,084",33,1990-07-15,"Oakland, California"
393,MIL,AJ Johnson,--,G,"6' 4""",167,--,19,2004-12-01,"Fresno, California"
394,MIL,Andre Jackson Jr.,44,G,"6' 6""",209,"$1,119,563",22,2001-11-13,"Amsterdam, New York"
395,MIL,AJ Green,20,G,"6' 4""",190,"$1,801,769",24,1999-09-27,"Cedar Falls, Iowa"
396,MIL,Jaylin Galloway,6,F,"6' 7""",190,--,21,2002-12-21,"Marietta, Georgia"
399,MIL,Pat Connaughton,24,SG,"6' 5""",209,"$9,423,869",31,1993-01-06,"Arlington, Massachusetts"
401,MIL,MarJon Beauchamp,3,F,"6' 7""",199,"$2,609,400",23,2000-10-12,"Yakima, Washington"
404,MIL,Giannis Antetokounmpo,34,PF,"6' 11""",243,"$45,640,084",29,1994-12-06,"Athens, Greece"
406,IND,Jarace Walker,5,F,"6' 7""",235,"$6,059,520",20,2003-09-04,"New Freedom, Pennsylvania"
407,IND,Myles Turner,33,C,"6' 11""",250,"$20,975,000",28,1996-03-24,"Bedford, Texas"
411,IND,Pascal Siakam,43,PF,"6' 8""",245,"$37,893,408",30,1994-04-02,"Douala, Cameroon"
412,IND,Ben Sheppard,26,G,"6' 6""",190,"$2,537,160",22,2001-07-16,"Atlanta, Georgia"
413,IND,Tristen Newton,--,G,"6' 3""",192,--,23,2001-04-26,"Pensacola, Florida"
414,IND,Aaron Nesmith,23,SF,"6' 6""",215,"$5,634,257",24,1999-10-16,"Charleston, South Carolina"
415,IND,Andrew Nembhard,2,PG,"6' 4""",191,"$2,131,905",24,2000-01-16,"Aurora, Ontario"
417,IND,T.J. McConnell,9,PG,"6' 1""",190,"$8,700,000",32,1992-03-25,"Pittsburgh, Pennsylvania"
418,IND,Bennedict Mathurin,00,SG,"6' 5""",210,"$6,916,080",22,2002-06-19,"Montreal, Quebec"
421,IND,Isaiah Jackson,22,SF,"6' 9""",205,"$2,696,280",22,2002-01-10,"Pontiac, Michigan"
422,IND,Tyrese Haliburton,0,PG,"6' 5""",185,"$5,808,435",24,2000-02-29,"Oshkosh, Wisconsin"
423,IND,Johnny Furphy,--,F,"6' 8""",202,--,19,2004-12-08,"Melbourne, Australia"
424,IND,Enrique Freeman,--,F,"6' 7""",212,--,23,2000-07-29,"Cleveland, Ohio"
428,DET,Ausar Thompson,9,F,"6' 6""",205,"$7,977,480",21,2003-01-30,"San Leandro, California"
429,DET,Isaiah Stewart,28,C,"6' 8""",250,"$5,266,713",23,2001-05-22,"Rochester, New York"
430,DET,Marcus Sasser,25,G,"6' 2""",195,"$2,623,680",23,2000-09-21,"Dallas, Texas"
432,DET,Jaylen Nowell,20,SG,"6' 4""",201,--,24,1999-07-09,"Seattle, Washington"
434,DET,Bobi Klintman,--,F,"6' 9""",225,--,21,2003-03-06,"Malmo, Sweden"
435,DET,Jaden Ivey,23,PG,"6' 4""",195,"$7,641,480",22,2002-02-13,"South Bend, Indiana"
436,DET,Ron Holland II,--,F,"6' 7""",206,--,18,2005-07-07,"Duncanville, Texas"
437,DET,Tim Hardaway Jr.,--,SF,"6' 5""",205,"$17,897,728",57,1966-09-01,"Chicago, Illinois"
442,DET,Tosan Evbuomwan,18,F,"6' 7""",217,--,23,2001-02-16,--
443,DET,Jalen Duren,0,C,"6' 10""",250,"$4,330,680",20,2003-11-18,"New Castle, Delaware"
444,DET,Cade Cunningham,2,PG,"6' 6""",220,"$11,055,240",22,2001-09-25,"Arlington, Texas"
445,DET,Troy Brown Jr.,7,SF,"6' 7""",215,"$4,000,000",24,1999-07-28,"Las Vegas, Nevada"
446,DET,Buddy Boeheim,27,F,"6' 5""",205,--,24,1999-11-11,"Fayetteville, New York"
447,CLE,Dean Wade,32,PF,"6' 9""",228,"$5,709,877",27,1996-11-20,"Wichita, Kansas"
448,CLE,Jaylon Tyson,--,F,"6' 6""",215,--,21,2002-12-02,"Allen, Texas"
450,CLE,Max Strus,1,SG,"6' 5""",215,"$14,487,684",28,1996-03-28,"Hickory Hills, Illinois"
451,CLE,Craig Porter,9,G,"6' 1""",180,"$1,500,000",24,2000-02-26,"Terre Haute, Indiana"
453,CLE,Georges Niang,20,SF,"6' 7""",230,"$8,800,000",31,1993-06-17,"Lawrence, Massachusetts"
457,CLE,Evan Mobley,4,PF,"6' 11""",215,"$8,882,760",23,2001-06-18,"San Diego, California"
458,CLE,Donovan Mitchell,45,SG,"6' 3""",215,"$33,162,030",27,1996-09-07,"Elmsford, New York"
459,CLE,Sam Merrill,5,SG,"6' 4""",205,"$1,997,238",28,1996-05-15,"Salt Lake City, Utah"
460,CLE,Caris LeVert,3,SG,"6' 6""",205,"$15,384,616",29,1994-08-25,"Columbus, Ohio"
462,CLE,Ty Jerome,2,SG,"6' 5""",195,"$2,439,025",26,1997-07-08,"New York, New York"
463,CLE,Darius Garland,10,PG,"6' 1""",192,"$34,005,250",24,2000-01-26,"Gary, Indiana"
465,CLE,Jarrett Allen,31,C,"6' 9""",243,"$20,000,000",26,1998-04-21,"San Diego, California"
466,CHI,Patrick Williams,44,PF,"6' 7""",215,"$9,835,881",22,2001-08-26,"Charlotte, North Carolina"
467,CHI,Coby White,0,PG,"6' 5""",195,"$11,111,111",24,2000-02-16,"Goldsboro, North Carolina"
468,CHI,Nikola Vucevic,9,C,"6' 10""",260,"$18,518,519",33,1990-10-24,"Morges, Switzerland"
469,CHI,Dalen Terry,25,F,"6' 7""",195,"$3,350,760",21,2002-07-12,"Tempe, Arizona"
471,CHI,Julian Phillips,15,F,"6' 8""",198,"$1,600,000",20,2003-11-05,"Killeen, Texas"
472,CHI,Zach LaVine,8,SG,"6' 5""",200,"$40,064,220",29,1995-03-10,"Renton, Washington"
474,CHI,Josh Giddey,--,SG,"6' 8""",216,"$6,587,040",21,2002-10-10,"Melbourne, Australia"
475,CHI,Andrew Funk,30,G,"6' 5""",200,--,24,1999-09-21,"Warrington, Pennsylvania"
478,CHI,Ayo Dosunmu,12,SG,"6' 5""",200,"$6,481,481",24,2000-01-17,"Chicago, Illinois"
480,CHI,Torrey Craig,13,SF,"6' 5""",221,"$2,528,233",33,1990-12-19,"Columbia, South Carolina"
481,CHI,Jevon Carter,5,PG,"6' 1""",200,"$6,190,476",28,1995-09-14,"Maywood, Illinois"
482,CHI,Matas Buzelis,--,F,"6' 9""",195,--,19,2004-10-13,"Chicago, Illinois"
483,CHI,Onuralp Bitim,17,SF,"6' 6""",215,"$334,582",25,1999-03-31,"Kadikoy, Turkey"
484,CHI,Lonzo Ball,2,PG,"6' 6""",190,"$20,465,117",26,1997-10-27,"Anaheim, California"
486,TOR,Ja'Kobe Walter,--,G,"6' 4""",195,--,19,2004-09-04,"Dallas, Texas"
489,TOR,Kobi Simmons,23,G,"6' 5""",180,"$2,066,585",26,1997-07-04,"Atlanta, Georgia"
490,TOR,Jamal Shead,--,G,"6' 0""",201,--,22,2002-06-24,"Austin, Texas"
491,TOR,Immanuel Quickley,5,SG,"6' 2""",190,"$4,171,548",25,1999-06-17,"Havre de Grace, Maryland"
492,TOR,Jakob Poeltl,19,C,"7' 0""",260,"$19,500,000",28,1995-10-15,"Vienna, Austria"
493,TOR,Kelly Olynyk,41,PF,"6' 11""",240,"$12,195,122",33,1991-04-19,"Toronto, Ontario"
495,TOR,Jonathan Mogbo,--,F,"6' 6""",225,--,22,2001-10-29,"West Palm Beach, Florida"
496,TOR,Davion Mitchell,15,PG,"6' 0""",202,"$5,063,760",25,1998-09-05,"Hinesville, Georgia"
497,TOR,Christian Koloko,35,C,"7' 0""",230,--,24,2000-06-20,"Douala, Cameroon"
498,TOR,Mouhamadou Gueye,16,F,"6' 9""",210,--,25,1998-07-06,"Staten Island, New York"
499,TOR,Javon Freeman-Liberty,0,G,"6' 3""",190,"$289,542",24,1999-10-20,"Chicago, Illinois"
500,TOR,Gradey Dick,1,G,"6' 6""",200,"$4,536,720",20,2003-11-20,"Wichita, Kansas"
501,TOR,Ulrich Chomche,--,C,"6' 10""",232,--,18,2005-12-30,"Baham, Cameroon"
502,TOR,D.J. Carton,3,G,"6' 3""",200,--,23,2000-08-05,"Pineville, North Carolina"
503,TOR,Bruce Brown,11,SF,"6' 4""",202,"$22,000,000",27,1996-08-15,"Boston, Massachusetts"
504,TOR,Chris Boucher,25,PF,"6' 9""",200,"$11,750,000",31,1993-01-11,"Castries, Saint Lucia"
505,TOR,RJ Barrett,9,SG,"6' 6""",214,"$23,883,929",24,2000-06-14,"Toronto, Ontario"
506,TOR,Scottie Barnes,4,SF,"6' 7""",237,"$8,008,560",22,2001-08-01,"West Palm Beach, Florida"
507,TOR,Ochai Agbaji,30,G,"6' 5""",215,"$4,114,200",24,2000-04-20,"Milwaukee, Wisconsin"
508,PHI,D.J. Wilson,20,F,"6' 10""",230,--,28,1996-02-19,"Mount Shasta, California"
510,PHI,Paul Reed,44,SF,"6' 9""",210,"$7,723,000",25,1999-06-14,"Orlando, Florida"
514,PHI,Jared McCain,--,G,"6' 2""",197,--,20,2004-02-20,"Sacramento, California"
516,PHI,KJ Martin,1,F,"6' 6""",215,"$1,930,681",23,2001-01-06,"Gardena, California"
520,PHI,Joel Embiid,21,C,"7' 0""",280,"$46,900,000",30,1994-03-16,"Yaounde, Cameroon"
521,PHI,Jeff Dowtin Jr.,11,G,"6' 3""",177,--,27,1997-05-10,"Upper Marlboro, Maryland"
523,PHI,Ricky Council IV,16,G,"6' 6""",207,--,22,2001-08-03,"Durham, North Carolina"
524,PHI,Adem Bona,--,C,"6' 8""",243,--,21,2003-03-28,"Lagos, Nigeria"
528,BOS,Jaylen Brown,7,SG,"6' 6""",223,"$31,830,357",27,1996-10-24,"Marietta, Georgia"
529,BOS,JD Davison,20,SG,"6' 1""",195,--,21,2002-10-03,"Montgomery, Alabama"
530,BOS,Sam Hauser,30,SF,"6' 7""",217,"$1,927,896",26,1997-12-08,"Green Bay, Wisconsin"
531,BOS,Jrue Holiday,4,PG,"6' 4""",205,"$36,861,707",34,1990-06-12,"Chatsworth, California"
532,BOS,Al Horford,42,C,"6' 9""",240,"$10,000,000",38,1986-06-03,"Puerto Plata, Dominican Republic"
536,BOS,Kristaps Porzingis,8,C,"7' 2""",240,"$36,016,200",28,1995-08-02,"Liepaja, Latvia"
537,BOS,Payton Pritchard,11,PG,"6' 1""",195,"$4,037,278",26,1998-01-28,"Tualatin, Oregon"
539,BOS,Baylor Scheierman,--,F,"6' 6""",205,--,23,2000-09-26,"Hastings, Nebraska"
540,BOS,Jaden Springer,44,G,"6' 4""",202,"$2,226,240",21,2002-09-25,"Charlotte, North Carolina"
541,BOS,Jayson Tatum,0,SF,"6' 8""",210,"$32,600,060",26,1998-03-03,"St. Louis, Missouri"
543,BOS,Jordan Walsh,27,G,"6' 6""",205,"$1,119,563",20,2004-03-03,"DeSoto, Texas"
544,BOS,Anton Watson,--,F,"6' 8""",230,--,23,2000-10-06,"Coeur d'Alene, Idaho"
545,BOS,Derrick White,9,PG,"6' 4""",190,"$18,357,143",29,1994-07-02,"Parker, Colorado"
546,BKN,Keita Bates-Diop,13,SF,"6' 8""",229,"$2,364,614",28,1996-01-23,"Bloomington, Illinois"
547,BKN,Bojan Bogdanovic,44,SF,"6' 7""",226,"$20,000,000",35,1989-04-18,"Mostar, Bosnia and Herzegovina"
548,BKN,Nic Claxton,33,C,"6' 11""",215,"$9,625,000",25,1999-04-17,"Greenville, South Carolina"
549,BKN,Noah Clowney,21,F,"6' 9""",210,"$3,089,520",19,2004-07-14,"Spartanburg, South Carolina"
550,BKN,Dorian Finney-Smith,28,PF,"6' 7""",220,"$13,932,008",31,1993-05-04,"Portsmouth, Virginia"
552,BKN,Cameron Johnson,2,SF,"6' 8""",210,"$25,679,348",28,1996-03-03,"Moon Township, Pennsylvania"
554,BKN,Jaylen Martin,16,G,"6' 6""",216,--,20,2004-01-28,"Quincy, Florida"
555,BKN,Dennis Schroder,17,PG,"6' 1""",175,"$12,405,000",30,1993-09-15,"Braunschweig, Germany"
556,BKN,Day'Ron Sharpe,20,C,"6' 9""",265,"$2,210,040",22,2001-11-06,"Greenville, North Carolina"
557,BKN,Ben Simmons,10,PG,"6' 10""",240,"$37,893,408",27,1996-07-20,"Melbourne, Australia"
559,BKN,Cam Thomas,24,SG,"6' 3""",210,"$2,240,160",22,2001-10-13,"Yokosuka, Japan"
562,BKN,Dariq Whitehead,0,F,"6' 6""",220,"$2,966,040",19,2004-08-01,"Newark, New Jersey"
563,BKN,Jalen Wilson,22,F,"6' 6""",220,"$850,000",23,2000-11-04,"Arlington, Texas"
565,NY,OG Anunoby,8,SF,"6' 7""",240,"$18,642,857",26,1997-07-17,"London, United Kingdom"
566,NY,Mikal Bridges,1,SF,"6' 6""",209,"$21,700,000",27,1996-08-30,"Philadelphia, Pennsylvania"
568,NY,Jalen Brunson,11,PG,"6' 2""",190,"$26,346,666",27,1996-08-31,"New Brunswick, New Jersey"
570,NY,Pacome Dadiet,--,G,"6' 7""",--,--,18,2005-07-27,"Aubagne, France"
571,NY,Donte DiVincenzo,0,SG,"6' 4""",203,"$10,960,000",27,1997-01-31,"Newark, Delaware"
572,NY,Mamadi Diakite,21,F,"6' 9""",228,--,27,1997-01-21,"Conakry, Guinea"
573,NY,Josh Hart,3,SG,"6' 4""",215,"$12,960,000",29,1995-03-06,"Silver Spring, Maryland"
575,NY,Ariel Hukporti,--,C,"6' 11""",246,--,22,2002-04-11,"Stralsund, Germany"
577,NY,Tyler Kolek,--,G,"6' 1""",195,--,23,2001-03-27,"Providence, Rhode Island"
578,NY,Miles McBride,2,PG,"6' 1""",195,"$1,836,096",23,2000-09-08,"Cincinnati, Ohio"
579,NY,Kevin McCullar Jr.,--,F,"6' 5""",206,--,23,2001-03-15,"San Antonio, Texas"
581,NY,Julius Randle,30,PF,"6' 8""",250,"$28,226,880",29,1994-11-29,"Dallas, Texas"
582,NY,Mitchell Robinson,23,C,"7' 0""",240,"$15,681,818",26,1998-04-01,"Pensacola, Florida"
583,NY,Jericho Sims,45,C,"6' 10""",250,"$1,927,896",25,1998-10-20,"Minneapolis, Minnesota"
0,FA,Jules Bernard,--,SG,"6' 7""",210,--,24,2000-01-21,"Los Angeles, California"
1,FA,Nico Mannion,--,PG,"6' 2""",190,--,23,2001-03-14,"Siena, Italy"
2,FA,Vit Krejci,--,PG,"6' 8""",195,--,24,2000-06-19,"Strakonice, Czechia"
3,FA,Johnny Juzang,--,SG,"6' 7""",215,--,23,2001-03-17,"Los Angeles, California"
4,FA,Ish Wainright,--,SF,"6' 6""",250,--,29,1994-09-12,"Kansas City, Missouri"
5,FA,Dylan Windler,--,SF,"6' 6""",196,--,27,1996-09-22,"Indianapolis, Indiana"
6,FA,Quenton Jackson,--,G,"6' 5""",175,--,25,1998-09-15,"Los Angeles, California"
7,FA,Jacob Gilyard,--,PG,"5' 9""",160,--,25,1998-07-14,"Kansas City, Missouri"
8,FA,Harry Giles,--,C,"6' 11""",240,--,26,1998-04-22,"Winston-Salem, North Carolina"
9,FA,Alondes Williams,--,G,"6' 4""",210,--,25,1999-06-19,"Milwaukee , Wisconsin"
10,FA,Skylar Mays,--,SG,"6' 4""",205,--,26,1997-09-05,"Baton Rouge, Louisiana"
11,FA,Duane Washington Jr.,--,PG,"6' 4""",195,--,24,1964-08-31,"Eschwege, Germany"
12,FA,Brandon Williams,--,PG,"6' 6""",215,--,24,1975-02-27,"Collinston, Louisiana"
13,FA,Henri Drell,--,SF,"6' 9""",187,--,24,2000-04-25,"Tallinn, Estonia"
14,FA,Drew Peterson,--,F,"6' 9""",205,--,24,1999-11-09,"Libertyville, Illinois"
15,FA,Jontay Porter,--,PF,"6' 11""",240,--,24,1999-11-15,"Columbia, Missouri"
16,FA,Ibou Badji,--,C,"7' 1""",240,--,21,2002-10-13,"Dakar, Senegal"
17,FA,Xavier Moon,--,SG,"6' 2""",165,--,29,1995-01-02,"Goodwater, Alabama"
18,FA,Keon Johnson,--,SG,"6' 5""",186,--,22,2002-03-10,"Shelbyville, Tennessee"
19,FA,Nate Hinton,--,SG,"6' 5""",210,--,25,1999-06-08,"Gastonia, North Carolina"
20,FA,Justin Minaya,--,F,"6' 5""",210,--,25,1999-03-26,"Harrington Park, New Jersey"
21,FA,Jerome Robinson,--,SG,"6' 4""",190,--,27,1997-02-22,"Raleigh, North Carolina"
22,FA,Daishen Nix,--,PG,"6' 5""",224,--,22,2002-02-13,"Anchorage, Alaska"
23,FA,Trevelin Queen,--,SG,"6' 6""",190,--,27,1997-02-25,"Baltimore, Maryland"
24,FA,Jordan Ford,--,PG,"6' 1""",175,--,26,1998-05-26,"Citrus Heights, California"
25,FA,Charlie Brown Jr.,--,SG,"6' 6""",199,--,26,1997-02-02,"Philadelphia, Pennsylvania"
26,FA,TyTy Washington Jr.,--,PG,"6' 3""",197,--,22,2001-11-15,"Phoenix, Arizona"
27,FA,Olivier Sarr,--,C,"7' 0""",237,--,25,1999-02-20,"Niort, France"
28,FA,Greg Brown III,--,PF,"6' 7""",205,--,22,2001-09-01,"Dallas, Texas"
29,FA,Cole Swider,--,F,"6' 9""",220,--,25,1999-05-08,"Portsmouth, Rhode Island"
30,FA,Jamal Cain,--,SF,"6' 7""",191,--,25,1999-03-20,"Pontiac, Michigan"
31,FA,Jeenathan Williams,--,SG,"6' 5""",205,--,25,1999-02-12,"Rochester, New York"
32,FA,Jermaine Samuels,--,SF,"6' 7""",230,--,25,1998-11-13,"Franklin, Massachusetts"
33,FA,Braxton Key,--,SF,"6' 8""",230,--,27,1997-02-14,"Charlotte, North Carolina"
34,FA,Moussa Diabate,--,PF,"6' 11""",210,--,22,2002-01-21,"Paris, France"
35,FA,Jay Huff,--,C,"7' 1""",240,--,25,1998-08-25,"Durham, North Carolina"
36,FA,Saben Lee,--,PG,"6' 2""",183,--,25,1999-06-23,"St. Louis, Missouri"
37,FA,Amari Bailey,--,PG,"6' 5""",185,--,20,2004-02-17,"New Orleans, Louisiana"
38,FA,Adama Sanogo,--,PF,"6' 9""",245,--,22,2002-02-12,"Bamako, Mali"
39,FA,J.D. Davison,--,PG,"6' 1""",195,--,21,2002-10-03,"Montgomery, Alabama"
40,FA,Keyontae Johnson,--,SF,"6' 5""",230,--,24,2000-05-24,"Norfolk, Virginia"
41,FA,Emoni Bates,--,SG,"6' 10""",170,--,20,2004-01-28,"Ann Arbor, Michigan"
42,FA,Seth Lundy,--,SG,"6' 6""",220,--,24,2000-04-02,"Paulsboro, New Jersey"
43,FA,Isaiah Mobley,--,PF,"6' 8""",240,--,23,1999-09-24,"San Diego, California"
44,FA,Colin Castleton,--,PF,"6' 11""",250,--,24,2000-05-25,"Pembroke Pines, Florida"
45,FA,Oscar Tshiebwe,--,PF,"6' 9""",260,--,24,1999-11-27,"Lubumbashi, Democratic Republic of the Congo"
46,FA,Isaiah Wong,--,PG,"6' 4""",184,--,23,2001-01-28,"Piscataway, New Jersey"
47,FA,Jalen Slawson,--,PF,"6' 7""",215,--,24,1999-10-22,"Summerville, South Carolina"
48,FA,Jared Rhoden,--,SG,"6' 6""",210,--,24,1999-08-27,"Baldwin, New York"
49,FA,Terquavion Smith,--,SG,"6' 4""",165,--,21,2002-12-31,"Greenville, North Carolina"
50,FA,Dereon Seabron,--,SG,"6' 7""",180,--,24,2000-05-26,"Norfolk, Virginia"
51,FA,Micah Potter,--,C,"6' 10""",248,--,26,1998-04-06,"Mentor, Ohio"
52,FA,Kevon Harris,--,SG,"6' 5""",216,--,27,1997-06-24,"Ellenwood, Georgia"
53,FA,Malik Williams,--,C,"6' 11""",250,--,25,1998-08-26,"Fort Wayne, Indiana"
54,FA,Jacob Toppin,--,SF,"6' 9""",205,--,24,2000-05-08,"Ossining, New York"
55,FA,Pete Nance,--,PF,"6' 11""",230,--,24,2000-02-19,"Akron, Ohio"
56,FA,Ashton Hagans,--,PG,"6' 3""",190,--,24,1999-07-08,"Cartersville, Georgia"
57,FA,Kai Jones,--,PF,"6' 11""",218,--,23,2001-01-19,"Nassau, Bahamas"
58,FA,Jordan Goodwin,--,PG,"6' 3""",200,--,25,1998-10-23,"Centreville, Illinois"
59,FA,Usman Garuba,--,PF,"6' 8""",220,--,22,2002-03-09,"Azuqueca de Henares, Spain"
60,FA,Isaiah Thomas,--,PG,"5' 9""",185,--,35,1989-02-07,"Tacoma, Washington"
61,FA,Luka Garza,--,C,"6' 10""",235,--,25,1998-12-27,"Washington, District of Columbia"
62,FA,Javonte Green,--,SG,"6' 4""",205,--,30,1993-07-23,"Petersburg, Virginia"
63,FA,Marcus Morris Sr.,--,SF,"6' 8""",218,--,34,1989-09-02,"Philadelphia, Pennsylvania"
64,FA,T.J. Warren,--,SF,"6' 8""",220,--,30,1993-09-05,"Durham, North Carolina"
65,FA,Dominick Barlow,--,PF,"6' 9""",221,--,21,2003-05-26,"Hackensack, New Jersey"
66,FA,Lester Quinones,--,SG,"6' 5""",208,--,23,2000-11-16,"Brentwood, New York"
67,FA,Taj Gibson,--,C,"6' 9""",232,--,39,1985-06-24,"Brooklyn, New York"
68,FA,Shake Milton,--,SG,"6' 5""",205,--,27,1996-09-26,"Owasso, Oklahoma"
69,FA,Trent Forrest,--,PG,"6' 4""",210,--,26,1998-06-12,"Dothan, Alabama"
70,FA,Patty Mills,--,PG,"6' 2""",180,--,35,1988-08-11,"Canberra, Australia"
71,FA,Mike Muscala,--,C,"6' 10""",240,--,32,1991-07-01,"St. Louis Park, Minnesota"
72,FA,Delon Wright,--,PG,"6' 5""",185,--,32,1992-04-26,"Los Angeles, California"
73,FA,Thaddeus Young,--,PF,"6' 8""",235,--,36,1988-06-21,"New Orleans, Louisiana"
74,FA,Danilo Gallinari,--,PF,"6' 10""",233,--,35,1988-08-08,"Sant'Angelo Lodigiano, Italy"
75,FA,Neemias Queta,--,C,"7' 0""",245,--,24,1999-07-13,"Lisbon, Portugal"
76,FA,Jeff Dowtin,--,PG,"6' 3""",185,--,27,1997-05-10,"Upper Marlboro, Maryland"
77,FA,Bismack Biyombo,--,C,"6' 8""",255,--,31,1992-08-28,"Lubumbashi, Democratic Republic of the Congo"
78,FA,James Johnson,--,PF,"6' 7""",240,--,37,1987-02-20,"Cheyenne, Wyoming"
79,FA,Luka Samanic,--,PF,"6' 10""",227,--,24,2000-01-09,"Zagreb, Croatia"
80,FA,Admiral Schofield,--,SF,"6' 5""",241,--,27,1997-03-30,"London, United Kingdom"
81,FA,Haywood Highsmith,--,F,"6' 7""",220,--,27,1996-12-09,"Baltimore, Maryland"
82,FA,Stanley Umude,--,G,"6' 6""",210,--,25,1999-04-12,"Portland, Oregon"
83,FA,Naji Marshall,--,SF,"6' 7""",220,--,26,1998-01-24,"Atlantic City, New Jersey"
84,FA,Goga Bitadze,--,C,"6' 11""",250,--,24,1999-07-20,"Sagarejo, Georgia"
85,FA,DaQuan Jeffries,--,SG,"6' 5""",230,--,27,1997-08-30,"Edmond, Oklahoma"
86,FA,Max Christie,--,SG,"6' 6""",190,--,21,2003-02-10,"Arlington Heights, Illinois"
87,FA,Chimezie Metu,--,C,"6' 9""",225,--,27,1997-03-22,"Los Angeles, California"
88,FA,Brandon Boston Jr,--,SG,"6' 7""",185,--,22,2001-11-28,"Norcross, Georgia"
89,FA,Kenyon Martin Jr.,--,SF,"6' 9""",234,--,23,1977-12-30,"Saginaw, Michigan"
90,FA,Spencer Dinwiddie,--,PG,"6' 5""",215,--,31,1993-04-06,"Los Angeles, California"
91,FA,Aaron Wiggins,--,SG,"6' 6""",200,--,25,1999-01-02,"Greensboro, North Carolina"
92,FA,Xavier Tillman,--,C,"6' 8""",245,--,25,1999-01-12,"Grand Rapids, Michigan"
93,FA,JT Thor,--,PF,"6' 10""",205,--,21,2002-08-26,"Omaha, Nebraska"
94,FA,Kris Dunn,--,PG,"6' 3""",205,--,30,1994-03-18,"New London, Connecticut"
95,FA,Kessler Edwards,--,SF,"6' 8""",215,--,23,2000-08-09,"Glendale, California"
96,FA,Kendall Brown,--,SF,"6' 8""",205,--,21,2003-05-11,"St. Paul, Minnesota"
97,FA,Anthony Gill,--,PF,"6' 7""",230,--,31,1992-10-17,"High Point, North Carolina"
98,FA,Isaiah Joe,--,SG,"6' 4""",165,--,24,1999-07-02,"Fort Smith, Arkansas"
99,FA,Trendon Watford,--,PF,"6' 9""",240,--,23,2000-11-09,"Birmingham, Alabama"
100,FA,Sandro Mamukelashvili,--,C,"6' 11""",240,--,25,1999-05-23,"New York, New York"
101,FA,Lamar Stevens,--,SF,"6' 6""",230,--,26,1997-07-09,"Philadelphia, Pennsylvania"
102,FA,Jordan McLaughlin,--,PG,"6' 0""",185,--,28,1996-04-09,"Etiwanda, California"
103,FA,Moses Brown,--,C,"7' 2""",245,--,24,1999-10-13,"New York, New York"
104,FA,Vlatko Cancar,--,PF,"6' 8""",236,--,27,1997-04-10,"Koper, Slovenia"
105,FA,Luke Kornet,--,C,"7' 2""",250,--,28,1995-07-15,"Lantana, Texas"
106,FA,Oshae Brissett,--,SF,"6' 7""",210,--,26,1998-06-20,"Toronto, Ontario"
107,FA,Svi Mykhailiuk,--,SG,"6' 7""",205,--,27,1997-06-10,"Cherkasy, Ukraine"
108,FA,Thanasis Antetokounmpo,--,SF,"6' 7""",219,--,31,1992-07-18,"Athens, Greece"
109,FA,Aaron Holiday,--,PG,"6' 0""",185,--,27,1996-09-30,"Ruston, Louisiana"
110,FA,Mo Bamba,--,C,"7' 0""",231,--,26,1998-05-12,"Harlem, New York"
111,FA,Lonnie Walker IV,--,SG,"6' 4""",204,--,25,1998-12-14,"Reading, Pennsylvania"
112,FA,Tristan Vukcevic,--,C,"7' 0""",223,--,21,2003-03-11,"Siena, Italy"
113,FA,Damian Jones,--,C,"6' 11""",245,--,29,1995-06-30,"Baton Rouge, Louisiana"
114,FA,Yuta Watanabe,--,SF,"6' 9""",215,--,29,1994-10-13,"Yokohama, Japan"
115,FA,Drew Eubanks,--,C,"6' 9""",245,--,27,1997-02-01,"Starkville, Mississippi"
116,FA,Malachi Flynn,--,PG,"6' 1""",175,--,26,1998-05-10,"Tacoma, Washington"
117,FA,Dennis Smith Jr.,--,PG,"6' 2""",205,--,26,1997-11-25,"Fayetteville, North Carolina"
118,FA,Udoka Azubuike,--,C,"6' 10""",280,--,24,1999-09-17,"Lagos, Nigeria"
119,FA,Damion Lee,--,SG,"6' 5""",210,--,31,1992-10-21,"Baltimore, Maryland"
120,FA,Thomas Bryant,--,C,"6' 10""",248,--,26,1997-07-31,"Rochester, New York"
121,FA,Dario Saric,--,PF,"6' 10""",225,--,30,1994-04-08,"Sibenik, Croatia"
122,FA,Josh Okogie,--,SG,"6' 4""",213,--,25,1998-09-01,"Lagos, Nigeria"
123,FA,Cameron Payne,--,PG,"6' 3""",183,--,29,1994-08-08,"Memphis, Tennessee"
124,FA,Kelly Oubre Jr.,--,SF,"6' 7""",203,--,28,1995-12-09,"New Orleans, Louisiana"
125,FA,Boban Marjanovic,--,C,"7' 4""",290,--,35,1988-08-15,"Zajecar, Serbia"
126,FA,Jordan Nwora,--,SF,"6' 8""",225,--,25,1998-09-09,"Buffalo, New York"
127,FA,Tyrese Maxey,--,PG,"6' 2""",200,--,23,2000-11-04,"Dallas, Texas"
128,FA,Simone Fontecchio,--,SF,"6' 8""",209,--,28,1995-12-09,"Pescara, Italy"
129,FA,Precious Achiuwa,--,PF,"6' 8""",225,--,24,1999-09-19,"Port Harcourt, Nigeria"
130,FA,Reggie Bullock,--,SF,"6' 6""",205,--,33,1991-03-16,"Baltimore, Maryland"
131,FA,Markieff Morris,--,PF,"6' 9""",245,--,34,1989-09-02,"Philadelphia, Pennsylvania"
132,FA,Tristan Thompson,--,C,"6' 9""",254,--,33,1991-03-13,"Toronto, Ontario"
133,FA,JaVale McGee,--,C,"7' 0""",270,--,36,1988-01-19,"Flint, Michigan"
134,FA,Garrett Temple,--,SG,"6' 5""",195,--,38,1986-05-08,"Baton Rouge, Louisiana"
135,FA,Wesley Matthews,--,SG,"6' 5""",220,--,37,1986-10-14,"San Antonio, Texas"
136,FA,Justin Holiday,--,SG,"6' 6""",180,--,35,1989-04-05,"Mission Hills, California"
137,FA,Cody Zeller,--,C,"6' 11""",240,--,31,1992-10-05,"Washington, Indiana"
138,FA,Alex Len,--,C,"7' 0""",250,--,31,1993-06-16,"Antratsit, Ukraine"
139,FA,Jae Crowder,--,SF,"6' 6""",235,--,33,1990-07-06,"Villa Rica, Georgia"
140,FA,Patrick Beverley,--,PG,"6' 2""",180,--,35,1988-07-12,"Chicago, Illinois"
141,FA,Saddiq Bey,--,SF,"6' 7""",215,--,25,1999-04-09,"Charlotte, North Carolina"
142,FA,Eric Gordon,--,SG,"6' 3""",215,--,35,1988-12-25,"Indianapolis, Indiana"
143,FA,Derrick Jones Jr.,--,SF,"6' 5""",210,--,27,1997-02-15,"Chester, Pennsylvania"
144,FA,Andre Drummond,--,C,"6' 11""",279,--,30,1993-08-10,"Mount Vernon, New York"
145,FA,Chuma Okeke,--,PF,"6' 6""",229,--,25,1998-08-18,"Atlanta, Georgia"
146,FA,Kevin Love,--,C,"6' 8""",251,--,35,1988-09-07,"Santa Monica, California"
147,FA,Seth Curry,--,SG,"6' 1""",185,--,33,1990-08-23,"Charlotte, North Carolina"
148,FA,Kira Lewis Jr.,--,PG,"6' 1""",170,--,23,2001-04-06,"Meridianville, Alabama"
149,FA,Taurean Prince,--,PF,"6' 6""",218,--,30,1994-03-22,"San Marcos, Texas"
150,FA,Mason Plumlee,--,C,"6' 10""",254,--,34,1990-03-05,"Fort Wayne, Indiana"
151,FA,Jalen Smith,--,PF,"6' 10""",215,--,24,2000-03-16,"Portsmouth, Virginia"
152,FA,Obi Toppin,--,PF,"6' 9""",220,--,26,1998-03-04,"Brooklyn, New York"
153,FA,Caleb Martin,--,SF,"6' 5""",205,--,28,1995-09-28,"Winston-Salem, North Carolina"
154,FA,Daniel Theis,--,C,"6' 8""",245,--,32,1992-04-04,"Salzgitter, Germany"
155,FA,Isaac Okoro,--,SG,"6' 5""",225,--,23,2001-01-26,"Atlanta, Georgia"
156,FA,Miles Bridges,--,SF,"6' 7""",225,--,26,1998-03-21,"Flint, Michigan"
157,FA,Moritz Wagner,--,C,"6' 11""",245,--,27,1997-04-26,"Berlin, Germany"
158,FA,Isaiah Hartenstein,--,C,"7' 0""",250,--,26,1998-05-05,"Eugene, Oregon"
159,FA,De'Anthony Melton,--,SG,"6' 2""",200,--,26,1998-05-28,"North Hollywood, California"
160,FA,Kyle Anderson,--,PF,"6' 9""",230,--,30,1993-09-20,"New York, New York"
161,FA,Monte Morris,--,PG,"6' 2""",183,--,29,1995-06-27,"Grand Rapids, Michigan"
162,FA,James Wiseman,--,C,"7' 0""",240,--,23,2001-03-31,"Nashville, Tennessee"
163,FA,Alec Burks,--,SG,"6' 6""",214,--,32,1991-07-20,"Grandview, Missouri"
164,FA,Talen Horton-Tucker,--,SG,"6' 4""",234,--,23,2000-11-25,"Chicago, Illinois"
165,FA,Joe Ingles,--,SF,"6' 9""",220,--,36,1987-10-02,"Adelaide, Australia"
166,FA,Nicolas Batum,--,SF,"6' 8""",230,--,35,1988-12-14,"Lisieux, France"
167,FA,Richaun Holmes,--,C,"' 10""",235,--,30,1993-10-15,"Lockport, Illinois"
168,FA,Robert Covington,--,PF,"6' 7""",209,--,33,1990-12-14,"Bellwood, Illinois"
169,FA,Gary Harris,--,SG,"6' 4""",210,--,29,1994-09-14,"Fishers, Indiana"
170,FA,Doug McDermott,--,SF,"6' 6""",225,--,32,1992-01-03,"Grand Forks, North Dakota"
171,FA,Luke Kennard,--,SG,"6' 5""",206,--,28,1996-06-24,"Middletown, Ohio"
172,FA,Tyus Jones,--,PG,"6' 1""",196,--,28,1996-05-10,"Burnsville, Minnesota"
173,FA,Malik Beasley,--,SG,"6' 4""",187,--,27,1996-11-26,"Atlanta, Georgia"
174,FA,Jonas Valanciunas,--,C,"6' 11""",265,--,32,1992-05-06,"Utena, Lithuania"
175,FA,Kentavious Caldwell-Pope,--,SG,"6' 5""",204,--,31,1993-02-18,"Thomaston, Georgia"
176,FA,Markelle Fultz,--,PG,"6' 4""",209,--,26,1998-05-29,"Upper Marlboro, Maryland"
177,FA,Gary Trent Jr.,--,SG,"6' 8""",250,--,25,1974-09-22,"Columbus, Ohio"
178,FA,Evan Fournier,--,SG,"6' 6""",205,--,31,1992-10-29,"Saint-Maurice, France"
179,FA,Buddy Hield,--,SG,"6' 4""",220,--,31,1992-12-17,"Freeport, Bahamas"
180,FA,DeMar DeRozan,--,SF,"6' 6""",220,--,34,1989-08-07,"Compton, California"
181,FA,Kyle Lowry,--,PG,"6' 0""",196,--,38,1986-03-25,"Philadelphia, Pennsylvania"
182,FA,Gordon Hayward,--,SF,"6' 7""",225,--,34,1990-03-23,"Indianapolis, Indiana"
183,FA,LeBron James,--,PF,"6' 9""",250,--,39,1984-12-30,"Akron, Ohio"
184,FA,Paul George,--,SG,"6' 8""",220,--,34,1990-05-02,"Palmdale, California"
185,FA,Klay Thompson,--,SG,"6' 6""",215,--,34,1990-02-08,"Los Angeles, California"
186,FA,Tobias Harris,--,PF,"6' 8""",226,--,31,1992-07-15,"Islip, New York"
187,FA,James Harden,--,SG,"6' 5""",220,--,34,1989-08-26,"Los Angeles, California"
